url,title
/questions/28853312/qc-alm-ota-ignorehtmlformat-is-not-working-as-expected-in-excel-vba,QC/ALM OTA- IgnoreHtmlFormat is not working as expected in Excel VBA
/questions/28853309/whats-worng-withe-this-initialization-of-unique-ptr,What's worng withe this initialization of unique_ptr?
/questions/28853308/confusion-about-dns-connecting-server-to-domain,confusion about DNS connecting server to domain
/questions/28853307/html-columns-without-css,HTML Columns without css
/questions/28853304/uiscrollview-showing-nil,UIScrollView showing nil?
/questions/28853298/cashapelayer-scale,CAShapeLayer scale
/questions/28853297/laravel-5-services,Laravel 5 Services
/questions/28853296/angularjs-controller-not-working-on-location-path-switch-to-it,angularjs controller not working on $location.path switch to it?
/questions/28853295/how-to-use-one-time-binding-on-nested-ng-repeat,How to use one-time binding on nested ng-repeat?
/questions/28853293/how-do-i-reset-the-smtp-login-and-password-of-the-email-notifier-in-teamcity,How do I reset the SMTP login and password of the Email Notifier in Teamcity
/questions/28853292/how-do-i-get-my-mvc5-application-to-work-on-my-server,How do i get my MVC5 Application to work on my server?
/questions/28853289/style-system-tray-with-node-webkit-application,Style system tray with node-webkit application
/questions/28853287/remove-controls-and-click-on-video,Remove controls and click on video
/questions/28853282/algorithm-that-calculate-shortest-path,Algorithm that calculate shortest path
/questions/28853280/change-axis-in-polar-plots-in-matlab-to-radians,Change axis in polar plots in matlab to radians
/questions/28853278/error-compiling-a-new-expression-requires-or-after-type,Error compiling (A new expression requires() or [] after type)
/questions/28853273/my-query-rss-didnt-work,my query rss didn't work
/questions/28853271/bootstrap-v2-template-does-not-work-on-small-monitors-in-big-one-is-ok-what-to,"Bootstrap v2 template does not work on small monitors, in big one is ok. What to use instead of class “col-sm-3”"
/questions/28853269/add-to-favorite-link-button-in-c-sharp-using-javascript-in-ie11,Add To Favorite link button in C# using javascript in IE11
/questions/28853268/how-to-get-user-current-locationcity-name-and-user-hometown-using-facebook-gra,How to get user current_location(city name) and user_hometown using Facebook graph in PHP SDK
/questions/28853265/vb-net-reading-xml-with-xmlreader-unable-to-clear-file-lock,VB.Net Reading XML with XMLReader - Unable to clear file lock?
/questions/28853262/access-specific-cookies-by-domain-name-in-firefox-extension-private-window,Access specific cookies by domain/name in Firefox extension private window
/questions/28853258/joomla-template-loading-issue,Joomla template loading issue
/questions/28853255/magento-enterprise-upgrade-from-1-9-0-0-to-1-14,Magento Enterprise upgrade from 1.9.0.0 to 1.14
/questions/28853250/you-cannot-install-this-app-because-another-user-has-already-installed-an-incom,“You cannot install this app because another user has already installed an incompatible version on this device”
/questions/28853249/ajax-calender-hidding-dates-in-asp-net,Ajax calender Hidding dates ( In Asp.net)
/questions/28853247/store-session-in-memcache-symfony-2,store session in memcache Symfony 2
/questions/28853245/getting-wrong-values-from-mysql-through-php-pdo-driver-on-some-machines,Getting wrong values from MySQL through PHP PDO driver on some machines
/questions/28853243/start-pause-timer-in-movieclip-when-in-viewport,Start/pause timer in MovieClip when in Viewport
/questions/28853241/ble-advertisement-mode-in-android-21-api,BLE Advertisement mode in Android 21 API
/questions/28853239/strange-ssl-client-certificate-issue,Strange SSL Client Certificate Issue
/questions/28853237/make-a-vector-from-a-function-with-elseif,Make a vector from a function with elseif
/questions/28853236/django-crispy-forms-linebreaks-filter,Django crispy forms - linebreaks filter
/questions/28853230/show-text-that-is-wider-than-the-container-problems-scrolling,"show text that is wider than the container, problems scrolling"
/questions/28853229/c-objective-conditional-statments-code,c objective conditional statments code
/questions/28853226/fail-to-find-opengraph-tags-with-jsoup-on-some-websites,Fail to find OpenGraph tags with jSoup on some websites
/questions/28853224/kendo-editable-template-for-scheduler,Kendo Editable Template for Scheduler
/questions/28853222/get-source-code-of-a-functions-prototype,Get source code of a functions prototype
/questions/28853221/using-html-action-to-load-multiple-webgrids-inside-the-same-view,using @html.action to load multiple WebGrids inside the same view
/questions/28853219/jquery-ajax-dont-fire-handlers,jQuery.ajax() don't fire handlers
/questions/28853218/how-to-add-audit-for-logout-with-jhipster-generated-code,How to add audit for logout with Jhipster generated code?
/questions/28853215/what-is-the-difference-between-explicit-wait-and-fluent-wait-in-webdriver,What is the difference between explicit wait and fluent wait in webdriver?
/questions/28853214/apacheds-kerberos-authentication-in-windows-8-fails,ApacheDS kerberos authentication in windows 8 fails
/questions/28853208/c-sharp-sphere-given-a-world-position,c# sphere given a world position
/questions/28853207/get-response-from-poco-http-client-to-string,Get response from Poco http client to string
/questions/28853206/transfer-data-measurement-between-client-ruby-program-server-http-amqp-mqtt,Transfer data measurement between client (ruby program) server (http/amqp/mqtt)
/questions/28853202/hibernate-cascade-delete-in-many-to-many-relationship,hibernate - cascade delete in many to many relationship
/questions/28853201/unable-to-post-image-on-facebook-with-swift,Unable to post Image on Facebook with swift
/questions/28853200/should-an-api-be-focused-more-on-caching-to-improve-response-times-or-on-loweri,"Should an API be focused more on caching to improve response times, or on lowering the number of requests required?"
/questions/28853199/reactjs-callback-function-is-not-called-in-case-of-this-setstate,ReactJs: callback function is not called in case of this.setState
/questions/28852925/how-to-add-one-extra-row-to-the-table-using-xslt,How to add one extra row to the table using XSLT?
/questions/28852922/why-is-gnuplot-plot-not-receiving-the-entirety-of-stdin-from-getcontents,Why is gnuplot plot not receiving the entirety of stdin from getContents?
/questions/28852921/resource-id-from-subdomain-in-rails,Resource ID from subdomain in Rails
/questions/28852919/compiling-and-running-exploit-db-code,Compiling and running Exploit-DB code
/questions/28852918/32feet-list-remove-put-file-on-a-bluetooth-digital-photo-frame,32Feet list / remove / put file on a bluetooth digital photo frame
/questions/28852916/can-angucomplete-alt-be-used-with-templates-in-angular,can angucomplete-alt be used with templates in angular?
/questions/28852913/inconsistent-object-displayed-in-google-dev-tools,Inconsistent Object Displayed in Google Dev Tools
/questions/28852908/many-qudpsockets-are-dropped-when-they-are-sent-in-a-short-time,Many QUdpSockets are dropped when they are sent in a short time
/questions/28852907/spring-not-receiving-particular-character,Spring not receiving particular character
/questions/28852906/how-to-query-issues-updated-by-membersofteamx-on-yesterdayin-jql,How to query Issues updated by membersOf(“TEAMX”) on Yesterdayin JQL
/questions/28852904/possible-website-hack-attempt,Possible website hack attempt
/questions/28852902/how-to-detect-if-head-points-to-an-unborn-branch,How to detect if HEAD points to an unborn branch?
/questions/28852901/hide-button-with-tag-from-another-view-class-not-working,Hide button with tag from another view class not working.
/questions/28852899/installed-an-extension-on-magento-giving-an-error,"Installed an extension on magento , giving an error"
/questions/28852898/css-animation-does-not-work-in-chrome,CSS animation does not work in Chrome
/questions/28852896/wix-boostrapper-project-how-to-add-welcome-page-then-set-and-check-bundle-vari,Wix Boostrapper Project : how to add welcome page then set and check Bundle variables to choose feature to install
/questions/28852894/how-to-implement-alipay-in-php,How to Implement Alipay in PHP
/questions/28852893/how-to-get-buffer-get-buffer-screen-device-android,how to get buffer get buffer screen device android
/questions/28852891/unable-to-attach-script-event-handler-in-blogger-com-chrome,Unable to attach script event handler in Blogger.com (Chrome)
/questions/28852890/django-enter-a-list-of-value,Django - Enter a list of value
/questions/28852889/databaselink-sql-server-to-oracle-setting-blob-to-null-doesnt-work,DatabaseLink SQL Server to Oracle: setting BLOB to null doesn't work
/questions/28852886/web-audio-audioparam-scheduling-functions-not-working,Web Audio - AudioParam scheduling functions not working
/questions/28852885/dropzone-js-file-showing-but-no-delete-link-visible,dropzone.js file showing but no delete link visible
/questions/28852876/cordova-sticky-permanent-notification-icon,Cordova Sticky/Permanent Notification Icon
/questions/28852873/is-it-possible-to-access-begincollectionitem-unique-index,Is it possible to access BeginCollectionItem unique index
/questions/28852871/where-to-store-env-vars-for-staging-production-rails-apps,Where to store env vars for staging / production rails apps
/questions/28852869/dynamically-filling-autocompletetextview-suggestions,Dynamically Filling AutoCompleteTextView Suggestions
/questions/28852867/iservicelocator-getinstancetservice-is-not-working,IServiceLocator.GetInstance<TService>() is not working
/questions/28852864/get-the-selected-values-from-jlist-in-java,Get the selected values from JList in Java
/questions/28852861/parse-database-web-front-end-javascript-script,Parse database web front end Javascript script
/questions/28852860/invalid-literal-for-int-with-base-9-text,invalid literal for int() with base 9: 'TEXT'
/questions/28852858/mutator-creates-a-redirect-loop-in-the-controller,Mutator creates a redirect loop in the controller
/questions/28852856/writing-post-data-to-a-file-using-cgi-perl,Writing post data to a file using CGI-perl
/questions/28852855/enter-a-currency-value-into-vaadin-textfield-with-comma-as-decimal-separator,Enter a currency value into Vaadin TextField with comma as decimal separator
/questions/28852853/calculate-sum-of-objects-attribute-in-list-of-list-with-stream,Calculate sum of object's attribute in List of List (with stream)
/questions/28852852/how-do-i-spawn-custom-mobs,How do I spawn custom mobs?
/questions/28852850/create-an-access-authorization-ap-wifi-in-local-network,create an access authorization AP Wifi in local network
/questions/28852848/error-1215-cant-add-foreign-key-constraint,Error 1215 Can't add foreign key constraint
/questions/28852847/custom-created-google-maps-embedding,CUSTOM CREATED google maps embedding
/questions/28852845/servicestack-metadata-xsd-issue-with-multiple-assemblies,ServiceStack metadata XSD issue with multiple assemblies
/questions/28852844/get-mcontentinsets-from-a-view-in-android,get mContentInsets from a View in android
/questions/28852843/difference-between-gzip-compression-and-ob-startob-gzhandler,difference between gzip compression and `ob_start('ob_gzhandler')`
/questions/28852842/use-a-version-of-jquery-for-a-certain-div,Use a version of jquery for a certain div
/questions/28852841/install-anaconda-on-ubuntu-12-04-via-command-line,Install Anaconda on Ubuntu 12.04 via command line
/questions/28852840/is-jquery-animation-cpu-intensive,Is jQuery animation CPU intensive?
/questions/28852838/dfp-new-ad-unit-doesnt-appear-on-my-website,DFP new Ad Unit doesn`t appear on my website
/questions/28852837/how-to-use-enter-key-in-bootstrap-modal-like-tab-key,"How to use enter key in bootstrap modal, like tab key"
/questions/28852835/cant-retrieve-cookie-from-servlet,Can't retrieve cookie from servlet
/questions/28852834/shell-script-problems,Shell script problems
/questions/28852833/why-iperspectivelistener-perspectivechanged-isnt-called-when-an-editor-is-clo,Why IPerspectiveListener.perspectiveChanged() isn't called when an editor is closed?
/questions/28853072/rendering-speed-of-cola-layout-in-cytoscape-js,Rendering speed of cola-layout in cytoscape.js
/questions/28853071/using-a-shared-pointer-in-a-stdthread,Using a shared pointer in a std::thread
/questions/28853070/replace-special-characters-in-vbscript,Replace special characters in vbscript
/questions/28853067/resize-background-image-depending-of-a-viewport-size,Resize background image depending of a viewport size
/questions/28853066/cython-in-visual-studio-2013,Cython in visual studio 2013
/questions/28853061/ray-tracer-for-complicated-figures,Ray tracer for complicated figures
/questions/28853059/print-c-sharp-output-on-asp-net-mvc-layout-page,print C# output on Asp.net MVC Layout page
/questions/28853056/upgrade-and-downgrade-design,Upgrade and Downgrade design
/questions/28853055/pan-to-specific-x-and-y-coordinates-and-center-image-svg-pan-zoom,Pan to specific X and Y coordinates and center image svg-pan-zoom
/questions/28853054/return-null-from-odbc-connect-php-to-an-informix-database,return null from odbc connect php to an informix database?
/questions/28853053/vs-persists-requiring-restart-since-updating-nuget-packages,VS persists requiring restart since updating NuGet packages
/questions/28853052/what-is-wrong-with-this-json-request-jquery,What is wrong with this JSON request (jQuery)? [duplicate]
/questions/28853047/strip-utf8-codes-out-of-param-in-rails,Strip utf8-codes out of param in Rails
/questions/28853044/how-to-completely-remove-dottrace,How to completely remove dottrace
/questions/28853042/asp-dropdown-with-chosen-js,ASP Dropdown with chosen js
/questions/28853037/regex-matching-long-string-broke-with-read-from-file,regex matching long string broke with \ read from file
/questions/28853036/jquery-printing-each-json-input-path-from-a-complex-json-object,JQUERY - Printing each JSON input path from a complex JSON object
/questions/28853032/type-mismatch-cannot-convert-from-promotionsfragment-to-fragment,Type mismatch: cannot convert from PromotionsFragment to Fragment
/questions/28853030/ignore-new-elements-for-a-span-of-time,Ignore new elements for a span of time
/questions/28853029/how-do-i-get-the-address-of-a-c-style-function-stored-in-an-stdfunction,How do I get the address of a c-style function stored in an std::function?
/questions/28853025/sql-server-peak-active-users-by-date-range,sql server: peak active users by date range
/questions/28853024/debugging-silverlight-msil,Debugging Silverlight MSIL
/questions/28853022/zf2-form-numberformat-filter-with-localization,ZF2 Form: NumberFormat-filter with localization
/questions/28853020/keep-aspect-ratio-for-ascii-transformation,Keep Aspect Ratio for ASCII transformation
/questions/28853018/test-cases-for-web-and-mobile-application,Test cases for web and mobile application
/questions/28853016/how-to-configure-sap-pi-to-connect-with-axis2,How to configure SAP PI to connect with axis2?
/questions/28853015/cant-figure-out-my-own-code,Can't figure out my own code
/questions/28853009/rounding-a-float-to-7-significant-digits-in-java,rounding a float to 7 significant digits in java
/questions/28853008/openerp-7-emailing-sales-analysis-reports,openerp 7: emailing sales analysis reports
/questions/28853006/ajax-request-is-not-send-to-next-page,ajax request is not send to next page
/questions/28853004/pdf-renderer-found-suspicious-startxref-java,pdf-renderer Found suspicious startxref java
/questions/28853003/face-book-integration-with-cordova-android-application-key-hash-issue,Face book integration with cordova android application Key Hash issue
/questions/28852998/pygame-not-reacting-to-key-presses,pygame not reacting to key presses
/questions/28852996/how-to-set-the-elements-of-nsmutablearray-to-uilabel-in-objective-c,How to set the elements of NSMutableArray to UILabel in Objective-C?
/questions/28852995/jpa-entities-from-external-jar-not-found-in-war,JPA entities from external jar not found in war
/questions/28852994/what-does-mean-in-twig,What does -%} mean in Twig
/questions/28852992/how-should-i-limit-the-query-length-in-this-case-different-character-limitation,How should I limit the query length in this case (different character limitation for Chinese and English Writer)?
/questions/28852991/searching-conent-in-java-nio-2-text-file,Searching Conent in java nio.2 text file
/questions/28852990/best-practice-on-linkedin-login-backbone-and-callbacks,"Best Practice on LinkedIn login, backbone and callbacks"
/questions/28852987/how-to-upload-image-via-propfind-method-in-windows-phone7,How to upload image via propfind method in windows phone7
/questions/28852986/how-do-i-assign-values-to-strings-in-a-table,How do I assign values to strings in a table?
/questions/28852985/download-file-from-server-extjs-with-error-message-on-fail,Download file from server extjs with error message on fail
/questions/28852984/python-execute-factorial-program-using-input-function,python execute factorial program using input function
/questions/28852983/remedy-extracting-ticket-data-rest-soap-api-whatever,"Remedy extracting ticket data (REST, SOAP, API,whatever)"
/questions/28852982/live-search-in-laravel-with-ajax-request,Live search in laravel with ajax request
/questions/28852981/server-space-for-small-business,Server space for small business
/questions/28852980/combine-list-records-in-c-sharp,Combine List records in C#
/questions/28852979/soap-ui-error-not-permitted,Soap UI error not permitted
/questions/28852978/client-side-transform-edn-to-json-datomic-data-consumed-by-html5-app,Client-side transform EDN to JSON (Datomic data consumed by HTML5 app)
/questions/28852976/vb-net-office-interop-exception,Vb.net Office Interop Exception
/questions/28853197/why-different-dns-namserver-resolution-behaviour-between-nslookup-and-ping-wge,"Why different dns namserver resolution behaviour between nslookup and (ping, wget)"
/questions/28853196/native-c-lollipop-app-doesnt-seem-to-suspend-still-runs-music,"Native C++ Lollipop app doesn't seem to suspend, still runs music"
/questions/28853188/which-api-is-used-to-get-username-of-autheticated-user-via-oauth-in-php,which api is used to get username of autheticated user via oauth in php?
/questions/28853183/how-can-i-access-hidden-abbreviated-stack-frames-in-the-xcode-6-debugger-where,How can I access hidden/abbreviated stack frames in the Xcode 6 debugger (where did the stack trace abbreviation slider go?)
/questions/28853180/show-days-of-the-month-horizontal,show days of the month horizontal
/questions/28853179/sql-server-2005-combine-two-datasets-but-output-a-row-even-on-non-matching,"SQL Server 2005 - Combine two datasets, but output a row even on non-matching"
/questions/28853178/new-array-search-sum-in-php,NEW Array Search SUM in PHP
/questions/28853177/gitignore-files-in-parent-folder,.gitignore files in parent folder
/questions/28853176/painting-japanese-characters-using-arial-fonts-with-method-drawstring-graph,Painting Japanese characters using Arial fonts with method drawString(..) (Graphics2D)
/questions/28853175/how-to-deploy-a-mvc4-website-connect-a-existing-database-in-visual-studio-2010,How to deploy a mvc4 website connect a existing database in visual studio 2010?
/questions/28853165/use-beanshell-postprocessor-in-if-controller-usin,Use BeanShell PostProcessor in If controller usin
/questions/28853164/check-box-active-and-diactive-in-pythongtk-using-glade,Check box active and diactive in pythonGTK using glade
/questions/28853160/how-to-migrate-jsf-validator-to-bean-validation,How to migrate JSF Validator to Bean Validation?
/questions/28853159/asp-net-mvc-disable-browsing-folders-allowing-access-to-aspx-files-without-s,"ASP.NET MVC - disable browsing folders , allowing access to aspx files without specifying path"
/questions/28853154/ant-build-failed-while-executing-haxe-code,Ant build Failed while executing haXe code
/questions/28853150/is-it-possible-to-make-review-optional-on-any-particular-branch-in-gerrit,Is it possible to make review optional on any particular branch in gerrit?
/questions/28853149/modify-soap-header-in-soaphandler,Modify Soap header in SoapHandler
/questions/28853147/how-to-make-a-ftp-connection-in-linux,How to make a ftp connection in linux
/questions/28853146/best-way-to-track-impressions,Best way to track impressions?
/questions/28853143/how-do-i-set-a-base64binary-field-using-java-code-generated-from-wsdl,How do I set a base64Binary field using java code generated from WSDL?
/questions/28853138/roll-out-check-in-policies-to-multiple-machines,Roll out Check-In Policies to Multiple Machines
/questions/28853136/dropbox-synchronous-interrupts,Dropbox Synchronous interrupts
/questions/28853134/python-3-4-3-putting-the-variable-from-input-into-an-expression-variabl,[Python 3.4.3]. Putting the variable from input(“ :”) into an expression variable.get(self) with the goal of reducing the lines of code I have
/questions/28853132/bootstrap-width-alignment-of-elements,Bootstrap width alignment of elements
/questions/28853130/sending-restclient-firefox-post-and-try-the-same-in-node-js,Sending RESTClient Firefox POST and try the same in node.js
/questions/28853129/jquery-validate-not-accepting-datepicker-format,jquery validate() not accepting datepicker format
/questions/28853127/tfs-express-and-vs-2013-user-picture,TFS Express and VS 2013 user picture
/questions/28853125/ngtableparams-not-working-and-got-an-error-that-length-of-undefined,ngTableParams not working and got an error that length of undefined
/questions/28853119/compiler-prefers-objects-method-to-implementation,Compiler Prefers Object's Method to Implementation
/questions/28853116/where-to-find-the-files-files-created-by-html5-file-system-api,Where to find the files files created by HTML5 File System API?
/questions/28853112/item-in-collection-updated-only-once-with-checkbox-bootstrap-switch,"Item in collection updated only once, with checkbox (bootstrap-switch)"
/questions/28853111/servlet-request-methods-implementation,servlet request methods implementation
/questions/28853106/why-is-getthreadlocale-returning-locale-set-in-format,Why is GetThreadLocale returning Locale set in Format?
/questions/28853105/customize-datagrid-for-win-ce-device,Customize DataGrid for Win CE Device
/questions/28853104/invoking-c-sharp-methods-from-c-with-usage-of-coreclr-on-linux,Invoking C# methods from C++ with usage of CoreCLR on Linux
/questions/28853102/integrating-plas-io-pointcloud-viewer-into-my-own-web-app,Integrating plas.io pointcloud viewer into my own web app
/questions/28853101/today-extension-work-properly-on-ios-8-but-in-ios-7-and-above,Today extension work properly on ios 8 but in ios 7 and above
/questions/28853100/running-wcf-service-method-during-start-of-windows-service,Running WCF service method during start of Windows Service
/questions/28853098/postgres-datetime-replace-regex,Postgres Datetime Replace regex
/questions/28853093/storing-datetime-or-season-or-quarter-in-a-relational-database,Storing datetime or season or quarter in a relational database
/questions/28853090/hiding-columns-in-a-table-if-a-condition-is-met,Hiding columns in a table if a condition is met
/questions/28853089/change-factor-levels-for-a-data-frame,Change Factor Levels for a Data Frame
/questions/28853088/notify-javafx-that-contents-has-changed,Notify javafx that contents has changed
/questions/28853085/php-howto-get-dynamic-class-properties,php: howto get dynamic class properties
/questions/28853083/css-border-triangle-point-right,CSS border triangle point right [duplicate]
/questions/28853079/how-to-get-records-for-particular-time-range-in-a-month,How to get records for particular time range in a month
/questions/28853077/best-way-to-query-documents-with-a-list-of-tags,Best way to query documents with a list of tags
/questions/28853076/php-mysql-my-code-does-not-update-the-date-which-will-start-from-the-chosen-da,php mysql - my code does not update the date which will start from the chosen date
/questions/28853075/how-to-implement-server-side-datatables-using-codeigniter-and-eloquent-orm,How to implement Server-Side Datatables using CodeIgniter and Eloquent ORM
/questions/28853073/i-want-to-store-text-and-retrieve-all-matching-results-on-same-page,I want to store text and retrieve all matching results on same page
/questions/28853365/cannot-find-the-declaration-of-element-emp-comp,Cannot find the declaration of element 'emp_comp'
/questions/28853364/matching-data-from-three-tables-in-sql-server-2008,Matching data from three tables in Sql Server 2008
/questions/28853361/redirect-to-in-rails-4,Redirect_to in Rails 4
/questions/28853356/how-do-i-paste-text-data-stored-in-clipbord-to-opened-notepad-file,How do i paste text data stored in clipbord to opened notepad file
/questions/28853355/symfony2-dynamic-form-using-form-events,Symfony2: dynamic form using Form Events
/questions/28853349/knockout-custom-binding-handler-for-updating-parent-element-attr-value-to-child,Knockout Custom binding handler for updating parent element attr value to child element
/questions/28853347/how-to-save-image-path-in-the-database-in-mysql-for-php,how to save image path in the database in mysql for php
/questions/28853345/python-gui-tkinter-procces,Python Gui (Tkinter) procces
/questions/28853344/dropdownlist-into-an-asp-net-gridview-not-binding-correctly,dropdownlist into an ASP.Net GridView not binding correctly
/questions/28853343/jsf-2-x-access-all-ajax-uicomponents-passed-by-execute-attribute-in-backing-be,JSF 2.x - Access all ajax UIComponents passed by execute attribute in backing bean?
/questions/28853341/set-frame-source-of-frame2-from-button-in-frame1,Set frame source of frame2 from button in frame1?
/questions/28853339/how-to-only-subtract-decimal-places-in-javascript,how to only subtract decimal places in javascript? [duplicate]
/questions/28853338/how-to-disable-mail-modification-in-ios-gmail-app,How to disable mail modification in iOS Gmail app
/questions/28853336/default-value-sqlcommand-parameters-add-c-sharp-issue,Default value SqlCommand.Parameters.Add C# Issue
/questions/28853334/strutsi-have-to-retrieve-data-from-action-class-using-ajax-jquery-and-populate,Struts:I have to retrieve data from action class using Ajax-jquery and populate it on jsp in form of table
/questions/28853330/jquery-accordion-does-not-close,jQuery Accordion does not close
/questions/28853329/bootstrap-js-conflicts-with-require-js-and-disables-navbar-dropdown,Bootstrap.js conflicts with require.js and disables Navbar dropdown
/questions/28853328/how-to-add-the-at-end-of-line-break,how to add the “-” at end of line break..?
/questions/28853326/mvc-webapi-handler-mappings-in-iis8-5,MVC/WebAPI Handler Mappings in IIS8.5
/questions/28853324/algorithm-theory-i-2-loop,Algorithm Theory [ i/2 loop ]
/questions/28853323/openvpn-error-while-automating-build-key-batch,OpenVPN error while automating build-key --batch
/questions/28853322/parameterization-before-correlation-breaks-correlation,Parameterization before correlation breaks correlation?
/questions/28853319/integration-of-birt-report-into-spring-maven-project-need-the-report-to-be-loca,"Integration of BIRT report into spring maven project, need the report to be located in menu tiles"
/questions/28853318/directly-load-elasticsearch-index-data-in-json-file-of-kibana,Directly load elasticsearch index data in json file of kibana
/questions/28853315/how-to-maintain-speed-of-scroll-after-decreasing-it-and-how-to-remove-elements-f,How to maintain speed of scroll after decreasing it and how to remove elements from DOM?
/questions/28853312/qc-alm-ota-ignorehtmlformat-is-not-working-as-expected-in-excel-vba,QC/ALM OTA- IgnoreHtmlFormat is not working as expected in Excel VBA
/questions/28853309/whats-worng-withe-this-initialization-of-unique-ptr,What's worng withe this initialization of unique_ptr?
/questions/28853308/confusion-about-dns-connecting-server-to-domain,confusion about DNS connecting server to domain
/questions/28853307/html-columns-without-css,HTML Columns without css
/questions/28853304/uiscrollview-showing-nil,UIScrollView showing nil?
/questions/28853298/cashapelayer-scale,CAShapeLayer scale
/questions/28853297/laravel-5-services,Laravel 5 Services
/questions/28853296/angularjs-controller-not-working-on-location-path-switch-to-it,angularjs controller not working on $location.path switch to it?
/questions/28853295/how-to-use-one-time-binding-on-nested-ng-repeat,How to use one-time binding on nested ng-repeat?
/questions/28853293/how-do-i-reset-the-smtp-login-and-password-of-the-email-notifier-in-teamcity,How do I reset the SMTP login and password of the Email Notifier in Teamcity
/questions/28853292/how-do-i-get-my-mvc5-application-to-work-on-my-server,How do i get my MVC5 Application to work on my server?
/questions/28853289/style-system-tray-with-node-webkit-application,Style system tray with node-webkit application
/questions/28853287/remove-controls-and-click-on-video,Remove controls and click on video
/questions/28853282/algorithm-that-calculate-shortest-path,Algorithm that calculate shortest path
/questions/28853280/change-axis-in-polar-plots-in-matlab-to-radians,Change axis in polar plots in matlab to radians
/questions/28853278/error-compiling-a-new-expression-requires-or-after-type,Error compiling (A new expression requires() or [] after type)
/questions/28853273/my-query-rss-didnt-work,my query rss didn't work
/questions/28853271/bootstrap-v2-template-does-not-work-on-small-monitors-in-big-one-is-ok-what-to,"Bootstrap v2 template does not work on small monitors, in big one is ok. What to use instead of class “col-sm-3”"
/questions/28853269/add-to-favorite-link-button-in-c-sharp-using-javascript-in-ie11,Add To Favorite link button in C# using javascript in IE11
/questions/28853268/how-to-get-user-current-locationcity-name-and-user-hometown-using-facebook-gra,How to get user current_location(city name) and user_hometown using Facebook graph in PHP SDK
/questions/28853265/vb-net-reading-xml-with-xmlreader-unable-to-clear-file-lock,VB.Net Reading XML with XMLReader - Unable to clear file lock?
/questions/28853262/access-specific-cookies-by-domain-name-in-firefox-extension-private-window,Access specific cookies by domain/name in Firefox extension private window
/questions/28853258/joomla-template-loading-issue,Joomla template loading issue
/questions/28853255/magento-enterprise-upgrade-from-1-9-0-0-to-1-14,Magento Enterprise upgrade from 1.9.0.0 to 1.14
/questions/28853250/you-cannot-install-this-app-because-another-user-has-already-installed-an-incom,“You cannot install this app because another user has already installed an incompatible version on this device”
/questions/28852789/yii-form-page-not-generating,Yii form page not generating
/questions/28852788/how-to-handle-a-high-load-of-messages-in-an-im-mobile-app,How to handle a high load of messages in an IM mobile app?
/questions/28852786/cleanmgr-automate-process-of-disk-cleanup-without-user-intervention,cleanmgr automate process of Disk Cleanup without user intervention
/questions/28852783/unable-to-get-exifinterface-tag-gps-latitude-longitude-ref-tags-to-stick,"Unable to get ExifInterface.TAG_GPS_LATITUDE,LONGITUDE & REF tags to stick"
/questions/28852780/cant-download-pdf-fpdf-from-php-function,Can't download PDF (FPDF) from PHP function
/questions/28852779/how-to-pass-a-variable-from-a-controller-to-other-controller-using-mvc-4,How to pass a variable from a controller to other controller using MVC 4
/questions/28852778/bootstrap-background-image-carousel-how-to-fade-out,Bootstrap background image carousel: how to fade out?
/questions/28852771/fractional-integration-in-r,Fractional Integration in R
/questions/28852768/not-able-to-receive-error-object-properly-on-client-sent-with-res-send-of-node-j,Not able to receive error object properly on client sent with res.send of node.js
/questions/28852766/how-to-access-child-directives-scope-in-angular,How to access child directive's scope in angular?
/questions/28852765/cannot-handle-tweenlite-re-playactionscript3,Cannot Handle Tweenlite Re-Play[ActionScript3]
/questions/28852762/how-to-define-an-enumerating-type-includng-an-already-existing-type-in-haskell,How to define an enumerating type includng an already existing type in Haskell
/questions/28852760/why-i-cant-update-anything-onmodifierfinished-runonupdatethread-registerupd,"why i can't update anything? (onModifierFinished, runOnUpdateThread, registerUpdateHandler…) AndEngine"
/questions/28852757/d3-dispatch-not-working-as-expected,d3.dispatch() not working as expected
/questions/28852756/how-can-i-improve-excels-performance,How can I improve Excel's performance?
/questions/28852755/web-services-issue-in-code-first-approach,web services issue in code first approach
/questions/28852747/images-text-and-formating-in-input-box-in-html,Images text and Formating in input box in html
/questions/28852746/android-authenticator-and-fb,Android Authenticator and FB
/questions/28852745/complex-multiple-queries-in-mongoose-with-or,Complex multiple queries in mongoose with $or
/questions/28852742/gzputs-of-opencv-in-cinder-architecture-is-only-i386-32-bit,gzputs of opencv in cinder architecture is only i386 / 32 bit?
/questions/28852741/generate-auto-random-number-for-user-on-cookies,Generate auto/random number for user on cookies
/questions/28852740/cannot-see-the-whole-information-from-my-database-in-a-text-field,Cannot see the whole information from my database in a text field
/questions/28852736/excel-full-screen-disable-when-minimize-and-maximize,excel full screen disable when minimize and maximize
/questions/28852733/cakephp-2-6-2-comment-plugin,Cakephp 2.6.2 Comment plugin
/questions/28852732/close-session-in-winform-app-after-5-secondsidle-if-no-movement,close session in winform app after 5 seconds(idle) if no movement
/questions/28852731/loop-through-form-array-of-inputs-via-javascript,loop through form array of inputs via javascript
/questions/28852728/calling-function-so-late-in-vb-net,Calling function so late in VB.NET
/questions/28852726/why-is-the-direction-not-changing-here-for-the-first-function-call,Why is the direction not changing here for the first function call?
/questions/28852723/edittext-does-not-show-keyboard,Edittext does not show keyboard
/questions/28852722/segmentation-fault-while-using-par-or-tactic,Segmentation fault while using par-or tactic
/questions/28852721/css-apply-margin-to-a-table-inside-a-div,Css apply margin to a table inside a div
/questions/28852719/task-board-management-with-buddypress,Task Board Management with BuddyPress
/questions/28852718/knockout-click-handler-not-working-for-table-created-using-ko-computed,Knockout click handler not working for table created using ko.computed
/questions/28852717/ember-dynamically-render-a-different-view-based-on-input,Ember - dynamically render a different view based on input
/questions/28852715/is-there-a-way-to-make-the-javascript-run-through-all-conditionals-in-an-if-stat,"Is there a way to make the javascript run through all conditionals in an if statement, even if it knows it's already wrong?"
/questions/28852713/remove-duplicate-from-array-and-add-its-corresponding-value,Remove duplicate from array and add its corresponding value
/questions/28852710/python-crashes-with-piecewise-linear-objective-for-gurobi-6-0-2-setpwlobj,python crashes with piecewise linear objective for gurobi 6.0.2 / setPWLObj
/questions/28852708/java-swing-dragdrop-using-many-transferhandlers-on-layers,Java swing Drag&Drop using many transferhandlers on layers
/questions/28852706/vlookup-function-pulling-data-from-another-worksheet-where-lookup-value-is-a-ran,vlookup function pulling data from another worksheet where lookup_value is a range of values
/questions/28852705/jbehave-run-method-after-a-specific-scenario,Jbehave - Run method after a specific scenario
/questions/28852704/jquery-validation-plugin-errorplacement-for-single-element,Jquery validation plugin errorplacement for single element
/questions/28852703/drupal-module-help-required,Drupal Module help required
/questions/28852702/find-the-row-that-has-a-max-value-in-a-column-and-have-a-specific-value-in-anoth,Find the row that has a max value in a column and have a specific value in another column
/questions/28852701/is-there-a-way-how-to-do-a-while-loop-to-avoid-requestlimitexceeded,Is there a way how to do a while loop to avoid RequestLimitExceeded?
/questions/28852700/xml-serialize-nullable-attribute,xml-serialize nullable attribute
/questions/28852698/how-do-i-get-the-tree-from-parent-commits-using-the-jgit-api,How do I get the tree from parent commits using the JGit API?
/questions/28852694/bootstrap-modal-for-delete-confirmation-mvc,bootstrap modal for delete confirmation mvc
/questions/28852688/sql-query-for-checking-status-of-every-ticket-as-time-duration,sql query for checking status of every ticket as time duration
/questions/28852686/connecting-linq-pad-with-oracle,Connecting LINQ Pad with Oracle
/questions/28852685/how-to-check-if-an-object-is-nil-in-objective-c,How to check if an object is nil in Objective-C? [duplicate]
/questions/28852885/dropzone-js-file-showing-but-no-delete-link-visible,dropzone.js file showing but no delete link visible
/questions/28852876/cordova-sticky-permanent-notification-icon,Cordova Sticky/Permanent Notification Icon
/questions/28852873/is-it-possible-to-access-begincollectionitem-unique-index,Is it possible to access BeginCollectionItem unique index
/questions/28852871/where-to-store-env-vars-for-staging-production-rails-apps,Where to store env vars for staging / production rails apps
/questions/28852869/dynamically-filling-autocompletetextview-suggestions,Dynamically Filling AutoCompleteTextView Suggestions
/questions/28852867/iservicelocator-getinstancetservice-is-not-working,IServiceLocator.GetInstance<TService>() is not working
/questions/28852864/get-the-selected-values-from-jlist-in-java,Get the selected values from JList in Java
/questions/28852861/parse-database-web-front-end-javascript-script,Parse database web front end Javascript script
/questions/28852860/invalid-literal-for-int-with-base-9-text,invalid literal for int() with base 9: 'TEXT'
/questions/28852858/mutator-creates-a-redirect-loop-in-the-controller,Mutator creates a redirect loop in the controller
/questions/28852856/writing-post-data-to-a-file-using-cgi-perl,Writing post data to a file using CGI-perl
/questions/28852855/enter-a-currency-value-into-vaadin-textfield-with-comma-as-decimal-separator,Enter a currency value into Vaadin TextField with comma as decimal separator
/questions/28852853/calculate-sum-of-objects-attribute-in-list-of-list-with-stream,Calculate sum of object's attribute in List of List (with stream)
/questions/28852852/how-do-i-spawn-custom-mobs,How do I spawn custom mobs?
/questions/28852850/create-an-access-authorization-ap-wifi-in-local-network,create an access authorization AP Wifi in local network
/questions/28852848/error-1215-cant-add-foreign-key-constraint,Error 1215 Can't add foreign key constraint
/questions/28852847/custom-created-google-maps-embedding,CUSTOM CREATED google maps embedding
/questions/28852845/servicestack-metadata-xsd-issue-with-multiple-assemblies,ServiceStack metadata XSD issue with multiple assemblies
/questions/28852844/get-mcontentinsets-from-a-view-in-android,get mContentInsets from a View in android
/questions/28852843/difference-between-gzip-compression-and-ob-startob-gzhandler,difference between gzip compression and `ob_start('ob_gzhandler')`
/questions/28852842/use-a-version-of-jquery-for-a-certain-div,Use a version of jquery for a certain div
/questions/28852841/install-anaconda-on-ubuntu-12-04-via-command-line,Install Anaconda on Ubuntu 12.04 via command line
/questions/28852840/is-jquery-animation-cpu-intensive,Is jQuery animation CPU intensive?
/questions/28852838/dfp-new-ad-unit-doesnt-appear-on-my-website,DFP new Ad Unit doesn`t appear on my website
/questions/28852837/how-to-use-enter-key-in-bootstrap-modal-like-tab-key,"How to use enter key in bootstrap modal, like tab key"
/questions/28852835/cant-retrieve-cookie-from-servlet,Can't retrieve cookie from servlet
/questions/28852834/shell-script-problems,Shell script problems
/questions/28852833/why-iperspectivelistener-perspectivechanged-isnt-called-when-an-editor-is-clo,Why IPerspectiveListener.perspectiveChanged() isn't called when an editor is closed?
/questions/28852832/run-c-program-with-many-inputs-and-save-to-file,Run c program with many inputs and save to file?
/questions/28852826/i-need-all-url-redirect-to-https-to-establish-secure-connection-for-my-site,I need all url redirect to https to establish secure connection for my site
/questions/28852824/how-to-force-visual-studio-community-edition-2013-to-save-file-using-line-ending,How to force Visual Studio Community Edition 2013 to save file using line endings Unix (LF)?
/questions/28852823/javafx-alert-ownership-in-swing,JavaFX Alert ownership in Swing
/questions/28852820/magento-how-to-move-categories-from-one-storeview-to-a-different,Magento: How to move categories from one StoreView to a different
/questions/28852819/iterate-map-in-jquery,Iterate Map in jquery
/questions/28852818/why-inheritance-of-static-methods-defined-in-an-interface-is-not-allowed-in-java,why inheritance of static methods defined in an interface is not allowed in Java8?
/questions/28852816/exception-occurs-while-executing-maven-command-i-e-mvn-install,Exception occurs while executing maven command i.e. mvn install
/questions/28852815/parse-the-json-string,Parse the json string
/questions/28852812/how-to-filter-by-price-and-brand-with-checkbox-like-flipkart-using-codeigniter-f,how to filter by price and brand with checkbox like flipkart using codeigniter framework
/questions/28852811/has-there-been-a-change-to-the-custom-pmd-ruleset-file-format-in-recent-years,"Has there been a change to the custom PMD ruleset file format in recent years - and if so, how do I migrate?"
/questions/28852810/how-can-i-determine-whether-i-am-connected-to-wifi-or-a-mobile-network-in-window,How can I determine whether I am connected to WiFi or a mobile network in Windows Phone 8.1 (Universal app)?
/questions/28852809/client-connection-with-remote-hbase-server,Client connection with remote Hbase server
/questions/28852808/best-way-to-store-hundreds-of-websites,Best way to store hundreds of websites
/questions/28852807/how-to-apply-multi-screen-support,how to apply multi-screen support?
/questions/28852804/unicodedecodeerror-ascii-codec-cant-decode-byte-0xc3-in-position-40-ordinal,UnicodeDecodeError: 'ascii' codec can't decode byte 0xc3 in position 40: ordinal not in range(128)
/questions/28852803/how-does-g-multilib-work,How does g++-multilib work
/questions/28852801/how-to-run-grails-in-jetty,How to run grails in jetty?
/questions/28852796/output-by-using-short-if-expression,Output by using short if expression [duplicate]
/questions/28852795/wordpres-use-an-array-of-meta-keys-as-page-ids,Wordpres: use an array of meta keys as page id's
/questions/28852793/why-zero-numbers-not-saved-on-csv-format,why zero numbers not saved on csv format
/questions/28852792/how-to-include-comfirm-box-in-php,How to include comfirm box in Php
/questions/28852564/how-can-i-know-my-visitor-is-come-from-which-facebook-post,How can I know my visitor is come from which facebook post?
/questions/28852561/sql-server-corrupt-log-file-attempted-restore-want-to-continue-with-next-file,"SQL server corrupt log file attempted restore, want to continue with next file"
/questions/28852560/changing-position-of-more-den-one-div-with-a-button-click-with-javascript,Changing position of more den one div with a button click with javascript
/questions/28852559/asp-net-gridview-column-width,Asp.net gridview column width
/questions/28852558/gearman-or-parallel-python,Gearman or parallel python?
/questions/28852557/how-to-make-a-asynchronous-call-in-wso2-esb-4-8-1,How to make a asynchronous call in WSO2 ESB 4.8.1
/questions/28852556/how-to-get-image-from-photo-refrence-using-google-place-detail-api,How to get image from photo_refrence using google place detail api
/questions/28852555/likelihood-of-ue-univariate-model-gamma-and-beta-distribution,Likelihood of UE univariate model : gamma and beta distribution
/questions/28852554/wcf-addressfilter-mismatch,WCF - AddressFilter mismatch
/questions/28852551/jpa-error-generation-classes,JPA Error generation classes
/questions/28852550/ssrs-prompt-not-available,SSRS Prompt not available
/questions/28852546/how-to-check-actual-internet-connection-in-android,How to check actual Internet connection in Android?
/questions/28852538/xgrabkey-not-working,XGrabKey not working
/questions/28852536/how-to-email-an-html-table-using-a-button,How to email an HTML table using a button
/questions/28852533/what-to-do-when-data-from-the-service-layer-needs-to-be-shared-between-different,What to do when data from the service layer needs to be shared between different presentation entitites
/questions/28852525/crystal-report-error-the-report-has-no-tables,Crystal Report Error. The report has no tables
/questions/28852521/egit-making-luna-very-slow,Egit making Luna very slow
/questions/28852520/general-ormlite-helper-android,general ORMLite helper android
/questions/28852519/bootstrap-jquery-accordion-button-classes,Bootstrap/JQuery Accordion. Button Classes
/questions/28852514/dompdf-is-not-generating-the-image-into-pdf,dompdf is not generating the image into pdf
/questions/28852509/issue-getting-64-bit-conversion-ios,Issue getting 64 bit conversion iOS
/questions/28852508/how-i-can-achieve-this-logic-using-windows-workflow-foundation,How I can achieve this logic using Windows Workflow Foundation
/questions/28852506/com-qualcomm-qti-smartsearch-library-is-missing-when-trying-to-install-dialer-ap,com.qualcomm.qti.smartsearch library is missing when trying to install Dialer.apk
/questions/28852505/google-appscript-custom-function-to-concatenate-only-the-initials-from-multiple,Google Appscript: Custom function to concatenate only the initials from multiple rows based on a criteria
/questions/28852503/two-way-binding-in-custom-component-not-working,Two-way binding in custom component not working
/questions/28852502/unable-to-set-position-of-an-object-in-power-point-through-excel-using-vba,Unable to set position of an object in power point through excel using vba
/questions/28852501/is-it-possible-to-specify-schema-name-during-instantiation,Is it possible to specify schema_name during instantiation?
/questions/28852497/add-timestamp-offset-to-local-timestamp-in-javascript,Add timestamp offset to local timestamp in javascript
/questions/28852494/change-range-of-displayed-pixel-values-from-command-line,Change Range Of Displayed Pixel Values from Command Line?
/questions/28852490/how-to-create-and-add-table-to-predefined-pdf-template-using-itext,How to create and add table to predefined pdf template using Itext?
/questions/28852489/how-to-relatively-move-number-of-objects-by-moving-one-of-them-with-swift,How to relatively move number of objects by moving one of them with Swift?
/questions/28852488/django-get-raw-query-result-as-objects,Django get raw query result as objects
/questions/28852483/timer-pop-up-windows-in-java,Timer Pop-up windows in java
/questions/28852479/how-to-isolate-jna-bindings-that-are-platform-specific,how to isolate JNA bindings that are platform specific?
/questions/28852478/concurrent-updates-x-a-to-global-memory-in-opencl,Concurrent updates (x += a) to global memory in OpenCL
/questions/28852476/delete-query-wont-work-solved,Delete query won't work [Solved]
/questions/28852475/is-there-any-way-to-convert-joomla-2-5-passwordsmd5salt-for-a-joomla-3-x-site,Is there any way to convert joomla 2.5 passwords(md5+salt) for a joomla 3.x site to use?
/questions/28852472/capture-model-change-event,Capture model-change event
/questions/28852471/ios-swift-uitableviewscrollposition,iOS Swift - UITableViewScrollPosition
/questions/28852470/converting-datetime-in-asp-net-and-order-it,converting datetime in asp.net and order it
/questions/28852461/change-your-password-in-dotnetnuke-by-web-service,change your password in dotnetnuke By Web service
/questions/28852455/start-and-stop-multiple-tomcat-with-bash-shell-script,start and Stop Multiple tomcat with bash shell script
/questions/28852453/returning-data-from-a-ienumerable,Returning data from a IEnumerable
/questions/28852452/triple-conditioned-selection-of-data-in-r,Triple Conditioned selection of data in r
/questions/28852451/show-content-in-dropdown-on-small-screens-but-outside-on-large-screens,"Show content in dropdown on small screens, but outside on large screens"
/questions/28852450/pyscopg2-binary-install-into-windows-anaconda-environment,Pyscopg2 binary install into windows anaconda environment
/questions/28852449/configuring-babelnet-in-windows-using-java-in-eclipse,Configuring BabelNet in Windows using JAVA in Eclipse
/questions/28852448/ghostscriptwrapper-generateoutput-dosnt-print-acroform-textbox-data-in-the-imag,GhostscriptWrapper.GenerateOutput dosn't print acroform textbox data in the images
/questions/28852447/show-first-section-of-an-article-html-javascript,Show first section of an article (HTML/ JavaScript)
/questions/28852444/i-have-shifted-my-wordpress-site-from-one-host-to-another-after-shift-the-websi,"I have shifted my wordpress site from one host to another, after shift the website wp-admin is not open"
/questions/28852683/dropping-pin-current-location-xcode6-swift,Dropping pin current location xCode6 Swift
/questions/28852681/displaying-math-equation-from-tex,Displaying Math Equation from TeX
/questions/28852679/reading-a-httprequest-post-data-on-opencart,Reading a HttpRequest post data on OpenCart
/questions/28852677/form-creation-and-validation-in-slim-framework,Form Creation and Validation in Slim Framework
/questions/28852676/how-to-show-10bits-data-in-little-endian,how to show 10bits data in little endian
/questions/28852675/change-all-products-to-have-the-same-shipping-class-within-woocommerce,Change all products to have the same shipping class within Woocommerce
/questions/28852673/vs2012-asp-net-mvc-project-compile-error-after-getting-the-latest-version-of-q-d,VS2012 ASP.NET MVC project compile error after getting the latest version of Q.d.ts
/questions/28852672/installing-mod-wsgi-for-apache-vc11-build-on-windows,Installing mod_wsgi for apache VC11 build on windows
/questions/28852670/why-the-multiselect-method-in-jpa-does-not-work,Why the multiselect method in JPA does not work
/questions/28852669/avoid-view-recycling-in-listview-using-simpleadapter,Avoid View Recycling in listView using SimpleAdapter
/questions/28852668/uicollectionview-help-what-is-the-best-way-for-adding-section-in-mvvmcross-xamar,UICollectionView Help What is the Best Way for adding section in MVVMCross Xamarin?
/questions/28852667/how-to-build-different-variants-with-different-compilesdkversion,how to build different variants with different compileSdkVersion
/questions/28852665/svg-animation-lines-erratic-behaviour,SVG animation lines erratic behaviour
/questions/28852664/program-not-running-as-expected,Program not running as expected
/questions/28852663/echo-session-data-in-ajax,echo session data in ajax?
/questions/28852660/need-regular-expression-for-string-search-replace,need regular expression for string search replace [duplicate]
/questions/28852653/c-thread-local-singleton-intermittent-failure,C++ Thread Local Singleton intermittent failure
/questions/28852649/gps-location-using-wifi-or-mobile-network-tizen-web-app-smartwatch,GPS location using wifi or mobile network Tizen Web app Smartwatch
/questions/28852647/can-i-use-a-list-of-sockets-to-send-to-multiple-clients,Can I use a list of sockets to send to multiple clients?
/questions/28852646/python-selenium-webdriver-phantomjs-proxy,python selenium webdriver phantomjs proxy
/questions/28852644/android-scrollto-after-visible-child-item,Android scrollTo after visible child item
/questions/28852641/how-is-del-tag-interpreted-by-search-engines,How is <del> tag interpreted by search engines?
/questions/28852640/how-to-access-phonegap-bar-code-scanner-from-server-side-jsp,How to access Phonegap Bar code Scanner from server side JSP
/questions/28852639/adding-two-numbers-in-base-10-on-assembler,Adding two numbers in base 10 on Assembler
/questions/28852637/error-sparse-checkout-leaves-no-entry-on-working-directory,error: Sparse checkout leaves no entry on working directory
/questions/28852633/select-on-pivot-result,SELECT on pivot result
/questions/28852632/tcp-ip-connection-on-vxworks,TCP/IP connection on VxWorks
/questions/28852630/how-can-i-return-data-from-a-php-script-whilst-running-another-process-asynchron,How can I return data from a PHP script whilst running another process asynchronously
/questions/28852623/button-doesnot-call-managed-bean-method-in-primefaces,Button doesnot call managed bean method in Primefaces
/questions/28852618/plc-to-sql-data-loss,PLC to SQL data loss
/questions/28852616/how-to-make-elasticsearch-suggest-a-better-search-term-when-the-one-given-is-not,how to make elasticsearch suggest a better search term when the one given is not misspelled?
/questions/28852611/multiple-spf-record-of-domain,Multiple SPF Record of Domain
/questions/28852608/android-studio-shows-old-image-assets,Android Studio shows old Image Assets
/questions/28852607/how-to-animate-2-layouts-with-margins-from-top-to-bottom-and-from-bottom-to-top,How to animate 2 layouts with margins from top to bottom and from bottom to top
/questions/28852603/mongoose-using-in-operator-with-a-limit,Mongoose: Using $in operator with a limit
/questions/28852599/drupal-7-if-contextual-filter-default-value-not-there-ignore-it,"Drupal 7, if contextual filter 'default value' not there, ignore it"
/questions/28852597/make-rails-new-action-respond-with-different-view,Make rails new action respond with different view
/questions/28852596/what-is-the-difference-between-django-social-auth-and-python-social-auth,What is the difference between django-social-auth and python-social-auth?
/questions/28852595/bind9-servfail-on-ubuntu-vps-for-com-domains,Bind9 SERVFAIL on Ubuntu VPS for .com domains
/questions/28852592/why-does-diffday-return-0-results,Why does DiffDay return 0 results
/questions/28852590/vb-error-object-reference-not-set-to-an-instance-of-an-object,Vb error: object reference not set to an instance of an object
/questions/28852583/codeception-acceptance-test-proxy,Codeception Acceptance Test / Proxy
/questions/28852579/how-can-i-adjust-div-position-in-tab-container,How can i adjust div position in tab container?
/questions/28852577/set-variable-value-depending-on-mod,Set variable value depending on mod
/questions/28852574/how-to-print-result-of-a-compile-time-calculation-in-c,How to print result of a compile-time calculation in C++?
/questions/28852571/want-to-update-or-return-false-instead-of-insert-in-cakephp,Want to update or return false instead of insert in cakephp
/questions/28852570/show-elements-hidden-by-a-filter-in-a-pivottable-on-excel,Show elements hidden by a filter in a PivotTable on Excel
/questions/28852569/browsermob-proxy-is-there-a-way-to-add-custom-cookies-via-rest-api,Browsermob proxy - is there a way to add custom cookies via REST API?
/questions/28852567/geo-ip-js-is-not-working,geo_ip.js is not working
/questions/28852565/activating-an-aria-jquery-tab-from-hyperlink,activating an aria Jquery tab from hyperlink
